"Reference","Value","Datasheet","Footprint","Qty","DNP"
"C1",".33uF","~","","1",""
"C2,C3",".1uF","~","","2",""
"CuriosotyNanoBoardKJ1,NHD_LCD_KJ1,PEC11R_Rotary_Encoder_KJ1","~","","","3",""
"D1","LED","~","","1",""
"F1","750mA","~","","1",""
"J1","Barrel_Jack_Switch_Fixed_KJ","~","","1",""
"J2,J3,J4","Conn_02x04_Odd_Even","~","","3",""
"J5,J6","Conn_01x03_Pin","~","","2",""
"J7,J8,J9,J10,J11,J12","Conn_01x02","~","","6",""
"R1,RV1","10k","~","","2",""
"R3,R4","220","~","","2",""
"R5","5k","~","","1",""
"SW2","SW_Push","~","","1",""
"U1","LM7805_KJ","","","1",""
