"Reference","Qty","Value","DNP","Exclude from BOM","Exclude from Board","Footprint","Datasheet"
"C1","1",".33uF","","","","","~"
"C2,C3","2",".1uF","","","","","~"
"CuriosotyNanoBoardKJ1,NHD_LCD_KJ1,PEC11R_Rotary_Encoder_KJ1","3","~","","","","",""
"D1","1","LED","","","","","~"
"F1","1","750mA","","","","","~"
"J1","1","Barrel_Jack_Switch_Fixed_KJ","","","","","~"
"J2,J3,J4","3","Conn_02x04_Odd_Even","","","","","~"
"J5,J6","2","Conn_01x03_Pin","","","","","~"
"J7,J8,J9,J10,J11,J12","6","Conn_01x02","","","","","~"
"R1,RV1","2","10k","","","","","~"
"R3,R4","2","220","","","","","~"
"R5","1","5k","","","","","~"
"SW2","1","SW_Push","","","","","~"
"U1","1","LM7805_KJ","","","","",""
